{"cameraMode":{"drawMode":0,"name":"Shaded","section":"Shading Mode"},"sceneLighting":false,"audioPlay":false,"sceneViewState":{"m_AlwaysRefresh":false,"showFog":false,"showSkybox":false,"showFlares":false,"showImageEffects":false,"showParticleSystems":false,"showVisualEffectGraphs":true,"m_FxEnabled":true},"in2DMode":false,"pivot":{"x":-0.004964464344084263,"y":0.0018170515540987254,"z":-0.0011624873150140048},"rotation":{"x":-0.06153004243969917,"y":-0.634074330329895,"z":0.05070078745484352,"w":-0.7691957354545593},"size":0.0010765281040221453,"orthographic":false}