{"cameraMode":{"drawMode":0,"name":"Shaded","section":"Shading Mode"},"sceneLighting":false,"audioPlay":false,"sceneViewState":{"m_AlwaysRefresh":false,"showFog":false,"showSkybox":false,"showFlares":false,"showImageEffects":false,"showParticleSystems":false,"showVisualEffectGraphs":true,"m_FxEnabled":true},"in2DMode":false,"pivot":{"x":0.14925390481948853,"y":0.5911616086959839,"z":0.14628970623016358},"rotation":{"x":0.08059062063694,"y":0.01853295974433422,"z":0.0015209720004349948,"w":-0.9965959787368774},"size":0.7249276638031006,"orthographic":false}